1601	B	ISLA MARTIN GARCIA 
1602	B	FLORIDA 
1603	B	VILLA MARTELLI 
1605	B	CARAPACHAY 
1607	B	VILLA ADELINA 
1609	B	BOULOGNE 
1611	B	DON TORCUATO 
1612	B	INGENIERO ADOLFO SOURDEAUX 
1613	B	LOS POLVORINES 
1614	B	VILLA DE MAYO 
1615	B	GRAND BOURG 
1617	B	EL TALAR 
1618	B	RICARDO ROJAS 
1619	B	GARIN 
1621	B	BENAVIDEZ 
1623	B	BARRIO GARIN NORTE 
1625	B	ARROYO CANELON 
1627	B	MATHEU 
1629	B	ALMIRANTE IRIZAR 
1631	B	VILLA ROSA 
1633	B	EMPALME 
1635	B	KILOMETRO 45 
1636	B	LA LUCILA 
1638	B	VICENTE LOPEZ 
1640	B	ACASSUSO 
1642	B	SAN ISIDRO 
1643	B	BECCAR 
1644	B	VICTORIA 
1646	B	SAN FERNANDO 
1647	B	ZONA DELTA SAN FERNANDO 
1648	B	RINCON DE MILBERG 
1649	B	ZONA DELTA TIGRE 
1650	B	GENERAL SAN MARTIN 
1651	B	SAN ANDRES 
1653	B	VILLA BALLESTER 
1655	B	JOSE LEON SUAREZ 
1657	B	11 DE SEPTIEMBRE 
1659	B	CAMPO DE MAYO 
1661	B	BELLA VISTA 
1663	B	MUÑIZ 
1664	B	TRUJUI 
1665	B	JOSE CLEMENTE PAZ 
1667	B	MANUEL ALBERTI 
1669	B	DEL VISO 
1670	B	NORDELTA 
1672	B	VILLA LYNCH 
1674	B	VILLA RAFFO 
1676	B	SANTOS LUGARES 
1678	B	CASEROS 
1682	B	MARTIN CORONADO 
1684	B	CIUDAD JARDIN DEL PALOMAR 
1686	B	HURLINGHAM 
1688	B	VILLA SANTOS TESEI 
1702	B	CIUDADELA 
1704	B	RAMOS MEJIA 
1706	B	HAEDO 
1708	B	MORON 
1712	B	CASTELAR 
1713	B	BARRIO PARQUE LELOIR 
1714	B	ITUZAINGO 
1716	B	LIBERTAD 
1718	B	SAN ANTONIO DE PADUA 
1722	B	MERLO 
1723	B	MARIANO ACOSTA 
1727	B	B LOS AROMOS SAN PATRICIO 
1731	B	VILLARS 
1733	B	PLOMER 
1735	B	EL DURAZNO 
1737	B	KILOMETRO 77 
1739	B	GENERAL HORNOS 
1741	B	ENRIQUE FYNN 
1742	B	PASO DEL REY 
1744	B	CUARTEL V 
1746	B	FRANCISCO ALVAREZ 
1748	B	GENERAL RODRIGUEZ 
1752	B	LOMAS DEL MIRADOR 
1754	B	SAN JUSTO 
1755	B	RAFAEL CASTILLO 
1757	B	GREGORIO DE LAFERRERE 
1759	B	GONZALEZ CATAN 
1761	B	20 DE JUNIO 
1763	B	VIRREY DEL PINO 
1765	B	ISIDRO CASANOVA 
1766	B	TABLADA 
1768	B	CIUDAD MADERO 
1770	B	ALDO BONZI 
1771	B	MERCADO CENTRAL 
1774	B	LA SALADA 
1776	B	9 DE ABRIL 
1778	B	CIUDAD EVITA 
1802	B	AEROPUERTO EZEIZA 
1804	B	CANNING 
1806	B	TRISTAN SUAREZ 
1808	B	ALEJANDRO PETION 
1812	B	CARLOS SPEGAZZINI 
1814	B	BARRIO 1 DE MAYO 
1815	B	ESCUELA AGRICOLA DON BOSCO 
1816	B	COLONIA SANTA ROSA 
1822	B	VALENTIN ALSINA 
1824	B	GERLI 
1825	B	MONTE CHINGOLO 
1826	B	REMEDIOS DE ESCALADA 
1828	B	BANFIELD 
1832	B	LOMAS DE ZAMORA 
1834	B	TEMPERLEY 
1836	B	LLAVALLOL 
1838	B	LUIS GUILLON 
1842	B	EL JAGUEL 
1846	B	ADROGUE 
1847	B	RAFAEL CALZADA 
1849	B	CLAYPOLE 
1852	B	BURZACO 
1854	B	LONGCHAMPS 
1856	B	GLEW 
1858	B	VILLA NUMANCIA 
1862	B	AMERICA UNIDA 
1864	B	ALEJANDRO KORN 
1865	B	EL PAMPERO 
1870	B	AVELLANEDA 
1871	B	DOCK SUD 
1872	B	SARANDI 
1874	B	VILLA DOMINICO 
1875	B	WILDE 
1876	B	BERNAL ESTE 
1878	B	QUILMES 
1879	B	QUILMES OESTE 
1881	B	SAN FRANCISCO SOLANO 
1882	B	EZPELETA ESTE 
1884	B	BERAZATEGUI 
1885	B	GUILLERMO E HUDSON 
1886	B	RANELAGH 
1888	B	FLORENCIO VARELA 
1889	B	BOSQUES 
1890	B	JUAN MARIA GUTIERREZ 
1891	B	INGENIERO ALLAN 
1893	B	CENTRO AGRICOLA EL PATO 
1894	B	JUAN VUCETICH EX DR R LEVENE 
1895	B	ARTURO SEGUI 
1896	B	CAMINO CENTENARIO KM 11500 
1897	B	MANUEL B GONNET 
1900	B	LA PLATA 
1901	B	ESTACION MORENO 
1903	B	ABASTO 
1905	B	JOSE FERRARI 
1907	B	EL PINO 
1909	B	ARANA 
1911	B	BME BAVIO GRAL MANSILLA 
1913	B	ATALAYA 
1915	B	ARBUCO 
1917	B	LUIS CHICO 
1919	B	BASE AERONAVAL PUNTA INDIO 
1921	B	ALVAREZ JONTE 
1923	B	ARROYO DEL PESCADO 
1925	B	DESTILERIA FISCAL 
1927	B	ESC NAV MILITAR RIO SANT 
1929	B	BASE NAVAL RIO SANTIAGO 
1931	B	PUNTA LARA 
1980	B	BARRIO LA DOLLY 
1981	B	DESVIO KILOMETRO 55 
1983	B	GOMEZ 
1984	B	DOMSELAAR 
1986	B	ALTAMIRANO 
1987	B	ALEGRE 
2000	E	VILLA ANGELICA 
2101	S	ALBARELLOS 
2103	S	COLONIA ESCRIBANO 
2105	S	CAÑADA RICA 
2107	S	ALVAREZ 
2109	S	ACEBAL 
2111	S	FRANCISCO PAZ 
2113	S	PEYRANO 
2115	S	COLONIA VALDEZ 
2117	S	ALCORTA 
2119	S	ARMINDA 
2121	S	PEREZ 
2123	S	CAMPO CALVO 
2124	S	22 DE MAYO 
2126	S	ALVEAR 
2128	S	ARROYO SECO 
2132	S	AERO CLUB ROSARIO 
2134	S	ROLDAN 
2136	S	SAN GERONIMO 
2138	S	CARCARAÑA 
2142	S	CAMPO MEDINA 
2144	S	CAMPO HORQUESCO 
2146	S	CLASON 
2147	S	SAN GENARO NORTE 
2148	S	CAMPO CASTRO 
2152	S	GRANADERO BAIGORRIA 
2154	S	CAPITAN BERMUDEZ 
2156	S	ARSENAL DE GUERRA SAN LORENZO 
2170	S	CANDELARIA SUD 
2173	S	CAMPO PESOA 
2175	S	BARLETT 
2177	S	BIGAND 
2179	S	BOMBAL 
2181	S	LOS MOLINOS 
2183	S	AREQUITO 
2185	S	CAMPO CRENNA 
2187	S	ARTEAGA 
2200	S	LAS QUINTAS 
2201	S	RICARDONE 
2202	S	CERANA 
2204	S	JESUS MARIA 
2206	S	CAMPO PALETTA 
2208	S	GABOTO 
2212	S	CAMPO GALLOSO 
2214	S	ALDAO 
2216	S	CAMPO RAFFO 
2218	S	CARRIZALES 
2222	S	DIAZ 
2240	S	CAMPO GARCIA 
2241	S	LARRECHEA 
2242	S	ARIJON 
2246	S	BARRANCAS 
2248	S	BERNARDO DE IRIGOYEN 
2252	S	COLONIA CAMPO PIAGGIO 
2253	S	CAMPO GIMENEZ 
2255	S	CAMPO RODRIGUEZ 
2257	S	COLONIA BELGRANO 
2258	S	CAMPO QUIÑONES 
2300	S	COLONIA BELLA ITALIA 
2301	S	BELLA ITALIA 
2303	S	ANGELICA 
2305	S	LEHMANN 
2307	S	ATALIVA 
2309	S	COLONIA REINA MARGARITA 
2311	S	ADOLFO ALSINA 
2313	S	COLONIA BERLIN 
2315	S	ESTACION SAGUIER 
2317	S	CASABLANCA 
2318	S	AURELIA 
2322	S	CABAÑA EL CISNE 
2324	S	COLONIA TACURALES 
2326	S	BEALISTOCK 
2340	S	CERES 
2341	S	COLONIA MONTEFIORE 
2342	S	CAMPO EL MATACO 
2344	S	ACHAVAL RODRIGUEZ 
2345	S	CAMPO BOTTO 
2347	S	COLONIA MACKINLAY 
2349	S	COLONIA DOS ROSAS Y LA LEGUA 
2352	S	AMBROSETTI 
2400	S	VILLANI 
2401	S	CASTELAR 
2403	S	BAUER Y SIGEL 
2405	S	COLONIA CELLO 
2407	S	CAMPO CLUCELLAS 
2409	S	ESTRADA 
2415	S	DESVIO BOERO 
2438	S	FRONTERA 
2440	S	BARRIO BELGRANO ORTIZ 
2441	S	CRISPI 
2443	S	COLONIA MARGARITA 
2445	S	CRISTOLIA 
2447	S	LOS SEMBRADOS 
2449	S	AVENA 
2451	S	COLONIA LA YERBA 
2453	S	CARLOS PELLEGRINI 
2454	S	CAÑADA ROSQUIN 
2456	S	ESMERALDA 
2500	S	CAÑADA DE GOMEZ 
2501	S	BERRETTA 
2503	S	VILLA ELOISA 
2505	S	CAMPO LA RIVIERE 
2506	S	CORREA 
2508	S	ARMSTRONG 
2512	S	CAMPO CHARO 
2520	S	LA CALIFORNIA 
2521	S	ITURRASPE 
2523	S	BOUQUET 
2527	S	COLONIA SAN FRANCISCO 
2529	S	PIAMONTE 
2531	S	LANDETA 
2533	S	LOS CARDOS 
2535	S	EL TREBOL 
2600	S	BOCA P 25 
2601	S	LA CHISPA 
2603	S	CHAPUY 
2605	S	OTTO BEMBERG 
2607	S	CAMPO QUIRNO 
2609	S	COLONIA MORGAN 
2611	S	ESTACION CHRISTOPHERSEN 
2613	S	LA MOROCHA 
2615	S	LA GAMA 
2617	S	SANCTI SPIRITU 
2618	S	CARMEN 
2622	S	MAGGIOLO 
2630	S	FIRMAT 
2631	S	CORA 
2633	S	CHOVET 
2635	S	CAÑADA DEL UCLE 
2637	S	COLONIA HANSEN 
2639	S	BERABEVU 
2643	S	CAFFERATA 
2700	B	BARRIO TROCHA 
2701	B	12 DE AGOSTO 
2703	B	CABO SAN FERMIN 
2705	B	HARAS SAN JACINTO 
2707	B	4 DE NOVIEMBRE 
2709	B	LOS INDIOS 
2711	B	ALMACEN PIATTI 
2713	B	MANUEL OCAMPO 
2715	B	EL SOCORRO 
2717	B	ACEVEDO 
2718	B	LIERRA ADJEMIRO 
2720	B	COLON 
2721	B	EL ARBOLITO 
2722	S	WHEELWRIGHT 
2723	B	ESTANCIA LAS GAMAS 
2725	S	HUGHES 
2726	S	LABORDEBOY 
2728	S	MELINCUE 
2729	S	CARRERAS 
2732	S	4 DE FEBRERO 
2740	B	ALMACEN LA COLINA 
2741	B	EL RETIRO 
2743	B	ARROYO DULCE 
2745	B	GAHAN 
2747	B	CORONEL ISLEÑOS 
2751	B	ALMACEN CASTRO 
2752	B	ALMACEN EL DESCANSO 
2754	B	CAMPO CRISOL 
2760	B	COLONIA LOS TRES USARIS 
2761	B	ESTANCIA SANTA CATALINA 
2763	B	FLAMENCO 
2764	B	CAMPO LA NENA 
2800	B	ARROYO AGUILA NEGRA 
2801	B	ALTO VERDE 
2802	B	LOMAS DEL RIO LUJAN 
2804	B	CAMPANA 
2805	B	ARROYO ALELI 
2806	B	LAS PALMAS 
2808	B	ATUCHA 
2812	B	CAPILLA DEL SEÑOR 
2813	B	ARROYO DE LA CRUZ 
2814	B	ALTO LOS CARDALES 
2820	E	COLONIA EL POTRERO 
2821	E	ARROYO DEL CURA 
2823	E	AERO CLUB CANAL 
2824	E	BRITOS 
2826	E	ALDEA SAN ANTONIO 
2828	E	COLONIA NUEVA MONTEVIDEO 
2840	E	ALBARDON 
2841	E	ALDEA ASUNCION 
2843	E	GENERAL GALARZA 
2845	E	COLONIA DUPORTAL 
2846	E	ANAHI 
2848	E	BERISSO 
2852	E	ALARCON 
2854	E	DOS HERMANAS 
2900	B	SAN NICOLAS DE LOS ARROYOS 
2903	B	EREZCANO 
2905	B	GENERAL ROJO 
2907	B	GENERAL CONESA 
2909	B	ESTANCIAS 
2912	B	LA QUERENCIA 
2914	B	COSTA BRAVA 
2915	B	AGUIRREZABALA 
2916	B	EL JUPITER 
2918	S	EMPALME VILLA CONSTITUCION 
2919	S	COPACABANA 
2921	S	GODOY 
2930	B	LA BUANA MOZA 
2931	B	ISLA LOS LAURELES 
2933	B	COLONIA VELEZ 
2935	B	ALGARROBO 
2938	B	ALSINA 
2942	B	BARADERO 
2943	B	IRENEO PORTELA 
2944	B	RIO TALA 
2946	B	EL ESPINILLO 
3000	S	BARRANQUITAS 
3001	S	ALTO VERDE 
3003	S	COLONIA LOS ZAPALLOS 
3005	S	COLONIA CALIFORNIA 
3007	S	EMPALME SAN CARLOS 
3009	S	EL TROPEZON 
3011	S	CAMPO MAGNIN 
3013	S	COLONIA MATILDE 
3014	S	ANGEL GALLARDO 
3016	S	SAN JOSE 
3017	S	BAJO LAS TUNAS 
3018	S	CANDIOTI 
3020	S	CAMPO SANTO DOMINGO 
3021	S	CAMPO ANDINO 
3023	S	CULULU 
3025	S	COLONIA CLARA 
3027	S	LA PELADA 
3029	S	COLONIA ADOLFO ALSINA 
3032	S	NELSON 
3036	S	AROMOS 
3038	S	CAYASTACITO 
3040	S	ASUNCION MARIA 
3041	S	CACIQUE ARIACAIQUIN 
3042	S	ABIPONES 
3044	S	GOBERNADOR CRESPO 
3045	S	CAMPO ZAVALLA 
3046	S	ARRASCAETA 
3048	S	ANGELONI 
3050	S	CALCHAQUI 
3051	S	ALEJANDRA 
3052	S	CAÑADITA 
3054	S	COLONIA LA NEGRA 
3056	S	CAMPO COUBERT 
3057	S	ESTANCIA LAS GAMAS 
3060	S	CAMPO SAN JOSE 
3061	S	ANTONIO PINI 
3066	S	CAMPO GARAY 
3070	S	DHO 
3071	S	AGUARA GRANDE 
3072	S	LA LUCILA 
3074	S	COLONIA EL SIMBOL 
3076	S	HUANQUEROS 
3080	S	COLONIA PUJOL 
3081	S	CAVOUR 
3083	S	GRUTLY 
3085	S	PILAR 
3087	S	FELICIA 
3100	E	AVENIDA EJERCITO PARANA 
3101	E	ALDEA BRASILERA 
3103	E	ALDEA SANTAFECINA 
3105	E	DIAMANTE 
3107	E	COLONIA AVELLANEDA 
3109	E	COLONIA CENTENARIO 
3111	E	ALMACEN CRISTIAN SCHUBERT 
3112	E	COLONIA LOMA NEGRA 
3113	E	COLONIA CELINA 
3114	E	ALDEA MARIA LUISA 
3116	E	ALDEA CHALECO 
3117	E	ALDEA SAN ANTONIO 
3118	E	CENTRO COMUNITARIO CNIA NUE 
3122	E	ARROYO CORRALITO 
3123	E	ALDEA SANTA MARIA 
3125	E	ANTONIO TOMAS 
3127	E	ALCETE 
3128	E	COLONIA BERRO 
3129	E	COLONIA HERNANDARIAS 
3132	E	EL PINGO 
3133	E	ARROYO BURGOS 
3134	E	ANTONIO TOMAS SUD 
3136	E	ALCARAZ NORTE 
3137	E	ALCARAZ SUD 
3138	E	ALCARAZ 2DO 
3142	E	ALCARACITO 
3144	E	ALCARAZ 1RO 
3150	E	ALGARROBITOS 1RO 
3151	E	ANTELO 
3153	E	KILMETRO 165 
3155	E	COSTA DEL NOGOYA 
3156	E	BETBEDER 
3158	E	20 DE SEPTIEMBRE 
3162	E	ARANGUREN 
3164	E	COLONIA RIVAS 
3170	E	ALBERTO GERCHUNOFF 
3172	E	KILOMETRO 208 
3174	E	ALTAMIRANO SUD 
3176	E	ESTACION SOLA 
3177	E	ALTAMIRANO NORTE 
3180	E	DIEGO LOPEZ 
3181	E	ARROYO MOREIRA 
3183	E	ALBARIÑO 
3185	E	COLONIA LA MARTA 
3187	E	ATENCIO 
3188	E	COLONIA FALCO 
3190	E	ARROYO HONDO 
3191	E	ARROYO CEIBO 
3192	E	COLONIA BERTOZZI 
3194	E	PASO TELEGRAFO 
3196	W	ARROYO VEGA 
3197	W	ABRA GUAZU 
3199	W	LOS LAURELES 
3200	E	COLONIA LOS SAUCES 
3201	E	CAMBA PASO 
3203	E	ARROYO GRANDE 
3204	E	AYUI PARADA 
3206	E	BELLA UNION PARAJE 
3208	E	COLONIA ENSANCHE SAUCE 
3212	E	ARROYO EL MOCHO 
3214	E	ESTACION YERUA 
3216	E	ARROYO HONDO 
3218	E	ARROYO PALMAR 
3220	W	ARROYO MANGANGA 
3222	W	BUEN RETIRO 
3224	E	LA BLANQUEADA 
3226	W	BUENA VISTA 
3228	E	CABI MONDA 
3229	E	COLONIA FREITAS 
3230	W	ARBOL SOLO 
3231	W	COLONIA AROCENA INA 
3232	W	CABRED 
3234	W	BONPLAND 
3240	E	COLONIA EGIDO 
3241	E	CAMPO DE VILLAMIL 
3244	E	COLONIA BELGA AMERICANA 
3246	E	ACHIRAS 
3248	E	CARAGUATA 
3252	E	ALDEA SAN JORGE 
3254	E	COLONIA LA BLANQUITA 
3260	E	ARROYO MOLINO 
3261	E	CENTELLA 
3262	E	CASEROS 
3263	E	1 DE MAYO 
3265	E	ARROYO CARABALLO 
3267	E	CAÑADA DE LAS OVEJAS 
3269	E	ARROYO BARU 
3272	E	COLONIA 1 DE MAYO 
3280	E	ARROYO URQUIZA 
3281	E	CALERA 
3283	E	COLONIA MABRAGAÑA 
3285	E	BERDUC 
3287	E	ALDEA SAN GREGORIO 
3300	N	ARROYO 
3302	W	AGUARA CUA 
3304	N	BARRIO DON SANTIAGO 
3306	N	CENTINELA 
3308	N	CANDELARIA 
3309	N	ARROYO TOMAS 
3311	N	ARROYO ISABEL 
3313	N	ARROYO DEL MEDIO 
3315	N	CAA YARI 
3316	N	ARROYO PASTORA 
3317	N	ARROYO MAGDALENA 
3318	N	BONPLAND NORTE 
3322	N	APARICIO CUE 
3324	N	GOBERNADOR ROCA 
3326	N	COLONIA LEIVA 
3327	N	COLONIA ROCA 
3328	N	COLONIA JAPONESA 
3332	N	CAPIOVI 
3334	N	3 DE MAYO 
3337	N	ADOLFO J POMAR 
3338	N	17 DE AGOSTO 
3340	W	BOQUERON 
3342	W	AGUAPEY 
3344	W	2 DE JULIO 
3346	W	BACACAY 
3350	N	APOSTOLES 
3351	N	AZARA 
3353	N	ARROYO SANTA MARIA 
3355	N	ARRECHEA 
3357	N	BARRA BONITA 
3358	N	CHEROGUITA 
3360	N	ARROYO FEDOR 
3361	N	ACARAGUA 
3362	N	1 DE MAYO 
3363	N	25 DE MAYO 
3364	N	2 DE MAYO 
3366	N	ALMIRANTE BROWN 
3370	N	PLANCHADA BANDERITA 
3371	N	CABURE 
3372	N	CATARATAS DEL IGUAZU 
3374	N	EL PORVENIR 
3376	N	GOBERNADOR LANUSSE 
3378	N	22 DE DICIEMBRE 
3380	N	9 DE JULIO KILOMETRO 20 
3381	N	MARIA MAGDALENA 
3382	N	COLONIA CUNCI 
3384	N	BARRANCON 
3386	N	CARAGUATAY 
3400	W	BAÑADO NORTE 
3401	W	ARROYO PELON 
3403	W	AGUIRRE CUE 
3405	W	ALGARROBAL PUISOYE 
3407	W	AGUAY 
3409	W	ARROYO SAN JUAN 
3412	W	ALBARDON 
3414	W	ABRA 
3416	W	ARROYO CEIBAL 
3418	W	BARTOLOME MITRE 
3420	W	ACUÑA CUE 
3421	W	BAJO GUAZU 
3423	W	ARAÑITA 
3425	W	COSTA GRANDE 
3427	W	ABRA 
3428	W	ESTACION SALADAS 
3432	W	BELLA VISTA 
3433	W	CARRIZAL NORTE 
3440	W	BARRIO VILLA CORDOBA 
3441	W	ALGARROBO 
3443	W	COLONIA MENDEZ BAR 
3445	W	9 DE JULIO 
3446	W	KILOMETRO 374 
3448	W	ALAMO 
3449	W	BOLICHE LATA 
3450	W	8 DE DICIEMBRE 
3451	W	BATELITO 
3453	W	IFRAN 
3454	W	BAÑADO SAN ANTONIO 
3460	W	ARROYO CASTILLO 
3461	W	ABO NEZU 
3463	W	ARISTIA 
3465	W	ARROYO CASCO 
3466	W	ABALO 
3470	W	ARROYO GRANDE 
3471	W	ALEN CUE 
3472	W	CAAGUAZU 
3474	W	CHAVARRIA 
3476	W	EL REMANSO 
3480	W	ALGARROBAL 
3481	W	ANGOSTURA 
3483	W	ARROYO BALMACEDA 
3485	W	CARANDAITI 
3486	W	VILLA OLIVARI 
3487	W	PUESTO DE ISLA 
3500	H	COLONIA FLORENCIA 
3501	H	CAMPO DE GALNASI 
3503	H	BARRANQUERAS 
3505	H	ARROYO QUINTANA 
3507	H	LA EDUVIGIS 
3509	H	CAMPO EL BERMEJO 
3511	H	COLONIA CORONEL DORREGO 
3513	H	ARBOL SOLO 
3514	H	CACUI 
3515	H	CAPITAN SOLARI 
3516	H	BASAIL 
3518	H	CABRAL CUE 
3522	H	EL RETIRO 
3524	H	EL CAMPAMENTO 
3526	H	GANDOLFI 
3530	H	ALDEA FORESTAL 
3531	H	COLONIA ABORIGEN 
3532	H	CURANDU 
3534	H	COLONIA EL AGUARA 
3536	H	BOCAS 
3540	H	AVANZADA 
3541	H	CAMPO LAS PUERTAS 
3543	H	COLONIA LOTE 12 
3545	H	KILOMETRO 525 
3550	S	ALLENDE 
3551	S	CAMPO MONTE LA VIRUELA 
3553	S	COLONIA DURAN 
3555	S	CAMPO HUBER 
3557	S	CARAGUATAY 
3560	S	CAMPO UBAJO 
3561	S	AVELLANEDA 
3563	S	COLONIA SAN MANUEL 
3565	S	ARROYO DEL REY 
3567	S	DEST AERONAUTICO MILIT RECONQU 
3569	S	BARROS PAZOS 
3572	S	CAMPO GARABATO 
3574	S	CAPILLA GUADALUPE NORTE 
3575	S	ARROYO CEIBAL 
3580	S	KILOMETRO 408 
3581	S	CAMPO REDONDO 
3583	S	ISLA TIGRE 
3585	S	EL SOMBRERITO 
3586	S	CAMPO YAGUARETE 
3587	S	SAN ANTONIO DE OBLIGADO 
3589	S	KILOMETRO 23 
3592	S	COLONIA HARDY 
3620	H	KILOMETRO 184 
3621	H	POZO NAVAGAN 
3641	W	ARROYO SECO 
3700	H	BARRIO GRAL JOSE DE SAN MARTIN 
3701	H	ALMIRANTE BROWN 
3703	H	ALELOY 
3705	H	10 DE MAYO 
3706	H	AVIA TERAI 
3708	H	CONCEPCION DEL BERMEJO 
3712	H	LOS FRENTONES 
3714	H	9 DE JULIO 
3716	H	CAMPO LARGO 
3718	H	AMAMBAY 
3722	H	2 DE MAYO 
3730	H	CABRAL 
3731	H	MESON DE FIERRO 
3732	H	COLONIA ABATE 
3733	H	CAMPO EL JACARANDA 
3734	H	CAMPO MORENO 
4000	T	ESTACION DE ZOOTECNIA B 
4101	T	AGUA NEGRA 
4103	T	BAJO DE RACO 
4105	T	ABRA DEL TAFI 
4107	T	ACONQUIJA 
4109	T	ALTO NUESTRA SEÑORA DEL VALLE 
4111	T	AGUADA 
4113	T	ACOSTILLA 
4115	T	AGUA AZUL 
4117	T	ALABAMA 
4119	T	AGUA COLORADA 
4122	T	ALIZAL 
4124	T	ABRA EL CANDADO 
4126	T	EL BRETE 
4128	T	EL CARMEN 
4129	T	CAÑADA 
4132	T	AGUA AZUL 
4133	T	LA BANDA 
4134	T	ACHERAL 
4135	T	CASPINCHANGO 
4137	T	ABRA BAYA 
4139	K	AGUA AMARILLA LA HOYADA 
4141	K	FUERTE QUEMADO 
4142	T	ALTO DE LEIVA 
4143	T	INDEPENDENCIA 
4144	T	AMBERES 
4145	T	INGENIO LA PROVIDENCIA 
4146	T	BARRIO BELGRANO 
4147	T	ALTO LAS LECHUZAS 
4149	T	ALPACHIRI 
4151	T	BAJO DE LOS SUELDOS 
4152	T	AGUILARES 
4153	T	ALTO VERDE 
4155	T	CEVIL GRANDE 
4157	T	ARROYO MAL PASO 
4158	T	CAMPO DE TALAMAYO 
4159	T	ALTO EL PUESTO 
4161	T	ALONGO 
4162	T	BATIRUANA 
4163	T	HUASA PAMPA NORTE 
4164	T	BAJASTINE 
4166	T	BALDERRAMA 
4168	T	AGUA BLANCA 
4172	T	BUENA VISTA 
4174	T	AMPATA 
4176	T	ALTO DEL PUESTO 
4178	T	ABRA RICA 
4182	T	CAMPO LA FLOR LOS RALOS 
4184	T	BUSTAMANTE 
4186	T	CAÑETE 
4187	T	ANTA CHICA 
4195	T	7 DE ABRIL 
4230	K	BREA CHIMPANA 
4231	K	ALBIGASTA 
4234	K	ACHALCO 
4235	K	ALBIGASTA 
4237	K	CORTADERAS 
4242	T	25 DE MAYO 
4411	Y	SEY 
4413	Y	CATUA 
4431	Y	AGUAS CALIENTES 
4434	T	ANTA 
4500	Y	ALTO DEL SALADILLO 
4501	Y	ABRA DEL TRIGO 
4503	Y	ARRAYANAL 
4504	Y	23 DE AGOSTO 
4506	Y	ALEGRIA 
4512	Y	AGUA NEGRA 
4513	Y	ALTO CALILEGUA 
4514	Y	CALILEGUA 
4516	Y	CAIMANCITO 
4518	Y	AGUAS CALIENTES 
4522	Y	ALTO DEL SALADILLO 
4542	Y	EL PALMAR DE SAN FRANCISCO 
4561	Y	LA CHINACA 
4600	Y	ALGARROBAL 
4601	Y	CORRAL DE PIEDRAS 
4603	Y	CATAMONTAÑA 
4605	Y	ALISOS  DE ABAJO 
4606	Y	COLONIA LOS LAPACHOS 
4608	Y	ALTO VERDE 
4612	Y	CARAHUNCO 
4616	Y	BARCENA 
4618	Y	ABRA DE PIVES 
4622	Y	BELLA VISTA 
4624	Y	ABRA MAYO 
4626	Y	ANGOSTO DEL PERCHEL 
4630	Y	APARZO 
4631	Y	ANTIGUO 
4632	Y	ANTUMPA 
4633	Y	SAN PEDRO DE IRUYA 
4634	Y	ABRALAITE 
4640	Y	ABRA PAMPA 
4641	Y	ABDON CASTRO TOLAY 
4643	Y	ANTIGUYOS 
4644	Y	CANGREJILLOS 
4648	Y	BARRIO LA UNION 
4650	Y	ABRA DE PEÑAS 
4651	Y	AGUA DE CASTILLA 
4653	Y	CASIRA 
4655	Y	CABRERIA 
4700	K	BANDA VARELA 
4701	K	ACOSTILLA 
4705	K	AGUADITA 
4707	K	CHAÑARCITO 
4709	K	SAN JOSE DE PIEDRA BLANCA 
4711	K	AMBATO 
4713	K	OCHO VADOS 
4715	K	AGUA VERDE 
4716	K	AMADORES 
4718	K	BARRO NEGRO 
4719	K	BALCOSNA 
4722	K	EL DURAZNILLO 
4723	K	ALIJILAN 
4724	K	AGUA COLORADA 
4726	K	CAPAYAN 
4728	K	CHUMBICHA 
4740	K	AGUA SALADA 
4741	K	AGUA DE LAS PALOMAS 
4743	K	ACONQUIJA 
4750	K	AGUA COLORADA 
4751	K	AGUA DE DIONISIO 
4753	K	CORRALITO 
5260	K	ACHERAL 
5261	K	AGUA DEL SIMBOL 
5263	F	EL MEDANO 
5264	K	ANGELINA 
5265	K	AGUA LOS MATOS 
5266	K	CHICHAGASTA 
5272	F	COMANDANTE LEAL 
5274	F	ALTILLO DEL MEDIO 
5275	F	AGUA COLORADA 
5276	F	BALDES DE PACHECO 
5300	F	AMILGANCHO 
5301	F	AGUA BLANCA 
5303	F	ANJULLON 
5304	F	EL TALA 
5306	F	CARRIZAL 
5310	F	AIMOGASTA 
5311	F	ARAUCO 
5313	F	ESTACION MAZAN 
5315	K	CALERA LA NORMA 
5317	K	APOYACO 
5319	K	COLPES 
5321	K	EL POTRERO 
5325	F	ALPASINCHE 
5327	F	CAPIHUAS 
5329	F	AMUSCHINA 
5331	K	ANDALUCIA 
5333	K	BANDA DE LUCERO 
5340	K	AGUA GRANDE 
5341	K	ANILLACO 
5343	K	LAVALLE 
5345	K	BAÑOS TERMALES 
5350	F	EL MOLLE 
5351	F	BANDA FLORIDA 
5353	F	EL ZAPALLAR 
5355	F	EL ALTILLO 
5357	F	EL HORNO 
5359	F	ALTO JAGUEL 
5360	F	CHILECITO 
5361	F	AICUÑA 
5363	F	ANGUINAN 
5365	F	EL JUMEAL 
5367	F	CACHIYUYAL 
5369	F	PAGANCILLO 
5372	F	NONOGASTA 
5374	F	CATINZACO 
5380	F	CHAMICAL 
5381	F	BELLA VISTA 
5383	F	AGUA COLORADA 
5384	F	PUNTA DE LOS LLANOS 
5385	F	AGUADITA 
5386	F	AMANA 
5400	J	DESAMPARADOS 
5401	J	BARRIO EL TONTAL 
5403	J	BARRIALITOS 
5405	J	AGUA Y ENERGIA 
5407	J	DIQUE TOMA 
5409	J	ADAN QUIROGA 
5411	J	LA LEGUA 
5413	J	APEADERO LAS CHIMBAS 
5415	J	ANGACO NORTE 
5417	J	9 DE JULIO 
5419	J	BAÑOS DE LA LAJA 
5421	D	LA TRANCA 
5423	J	CAPITAN LAZO 
5424	J	VILLA LERGA 
5425	J	ALBARRACIN 
5427	J	APEADERO QUIROGA 
5429	J	EL ABANICO 
5431	J	APEADERO GUANACACHE 
5433	J	ESTACION LA RINCONADA 
5435	J	ALGARROBO GRANDE 
5436	J	COLONIA ZAPATA 
5438	J	ALTO DE SIERRA 
5439	J	BELGRANO 
5442	J	AMBAS PUNTILLAS 
5443	J	ALGARROBO VERDE 
5444	J	AMPACAMA 
5446	J	BALDE DE LEYES 
5447	J	AGUA CERCADA 
5449	J	AGUANGO 
5460	J	AGUA DE LA ZORRA 
5461	J	AGUADA DE LA PEÑA 
5463	J	ALTO HUACO 
5465	J	BAÑOS PISMANTA 
5467	J	ACERILLOS 
5470	F	ABRA VERDE 
5471	F	AGUA BLANCA 
5473	F	AGUAYO 
5474	F	BARRANQUITAS 
5475	F	AGUA DE LA PIEDRA 
5500	M	CERRO ACONCAGUA 
5501	M	CERRILLOS AL SUD 
5503	M	PASO DE LOS ANDES 
5505	M	CARBOMETAL 
5507	M	BAÑOS LUNLUNTA 
5509	M	AGRELO 
5511	M	GENERAL GUTIERREZ 
5513	M	BARRIO JARDIN LUZURIAGA 
5515	M	MAIPU 
5517	M	CESPEDES 
5519	M	ALTO DE LAS ARAÑAS 
5521	M	LOS CORREDORES 
5523	M	BUENA NUEVA 
5525	M	BUENA VISTA 
5527	M	COLONIA SANTA TERESA 
5529	M	COLONIA BOMBAL 
5531	M	BARRIO FERRI 
5533	M	9 DE JULIO 
5535	M	ASUNCION 
5537	M	ALGARROBITO 
5539	M	ARENALES 
5541	M	ALGARROBAL ABAJO 
5543	M	3 DE MAYO 
5544	M	GOBERNADOR BENEGAS 
5545	M	AGUA DE DIAZ 
5547	M	VILLA HIPODROMO 
5549	M	AGUA DE LOS MANANTIALES 
5551	M	ESTACION USPALLATA 
5553	M	EMPALME FRONTERA 
5555	M	PUENTE DEL INCA 
5557	M	CARACOLES 
5560	M	ARROYO CLARO 
5561	M	ANCON 
5563	M	AGUA AMARGA 
5565	M	CAMPO DE LOS ANDES 
5567	M	LA CAÑADA 
5569	M	AGUADA 
5570	M	ALTO DEL SALVADOR 
5571	M	CHIVILCOY 
5572	M	ALTO GRANDE 
5573	M	COLONIA DELFINO 
5575	M	ANDRADE 
5577	M	EL ALTO 
5579	M	BARRIO LENCINA 
5582	M	ALBERTO FLORES 
5584	M	BARRIO VILLA ADELA 
5585	M	EL CIPRES 
5587	M	BARCALA 
5589	M	CHAPANAY 
5590	M	ADRIAN MATURANO 
5591	M	ALPATACAL 
5592	M	EL CARBALINO 
5594	M	ALTO CON ZAMPA 
5595	M	CUPILES 
5596	M	12 DE OCTUBRE 
5598	M	BAÑADO VERDE 
5600	M	AGUA DE LA MULA 
5601	M	CAPITAN MONTOYA 
5603	M	CAÑADA SECA 
5605	M	CALLE LARGA VIEJA 
5607	M	COLONIA BOMBAL Y TABANERA 
5609	M	ARISTIDES VILLANUEVA 
5611	M	AGUA RICA 
5612	M	VALLE DE LAS LEÑAS 
5613	M	AGUA BOTADA 
5615	M	25 DE MAYO 
5620	M	EL JUNCALITO 
5621	L	AGUA DE TORRE 
5622	M	COLONIA JAUREGUI 
5623	M	ATUEL SUD 
5624	M	KILOMETRO 47 
5632	M	COLONIA ALVEAR 
5633	M	OCHENTA Y CUATRO 
5634	M	BOWEN 
5636	D	FAVELLI 
5637	D	30 DE OCTUBRE 
5645	M	EL CENIZO 
5700	D	ALTO BLANCO 
5701	D	11 DE MAYO 
5703	D	6 DE SEPTIEMBRE 
5705	D	AGUA HEDIONDA 
5707	D	AGUADITAS 
5709	D	BAÑADITO VIEJO 
5710	D	LA PUNTA 
5711	D	ANGELITA 
5713	D	BALDE AHUMADA 
5715	D	ARBOL VERDE 
5717	D	EL PIMPOLLO 
5719	D	AGUA AMARGA 
5721	D	AGUA SEBALLE 
5722	D	ACASAPE 
5724	D	ALTO PENCOSO 
5730	D	20 DE FEBRERO 
5731	D	ALFALAND 
5733	D	CRAMER 
5734	D	LA RIBERA 
5735	D	COLONIA BELLA VISTA 
5736	D	COMANDANTE GRANVILLE 
5738	D	AVANZADA 
5741	D	13 DE ENERO 
5743	D	LA ISABEL 
5750	D	ALTO DE LA LEÑA 
5751	D	AGUA SALADA 
5753	D	AGUA LINDA 
5755	D	ALTO DEL MOLLE 
5757	D	SAN LORENZO 
5759	D	CALERA ARGENTINA 
5763	D	GENERAL URQUIZA 
5770	D	CHACRAS VIEJAS 
5771	D	ALANICES 
5773	D	CAÑADA 
5775	D	BAJO GRANDE 
5777	D	ADOLFO RODRIGUEZ SAA 
5779	D	LA CHILCA 
5831	D	9 DE JULIO 
5835	D	BELLA VISTA 
5871	D	LA AGUADA DE LAS ANIMAS 
5873	D	ISLA 
5881	D	CAÑADA LA NEGRA 
5883	D	ALTO LINDO 
6000	B	BARRIO CAROSIO 
6001	B	AGUSTIN ROCA 
6003	B	ASCENCION 
6005	B	ESTACION GENERAL ARENALES 
6007	B	ARRIBEÑOS 
6009	S	SAN MARCELO 
6013	B	BAIGORRITA 
6015	B	CAMPO COLIQUEO 
6017	B	CHANCAY 
6018	B	COLONIA LOS BOSQUES 
6022	B	LA ORIENTAL 
6030	B	EDMUNDO PERKINS 
6031	B	DE BRUYN 
6032	B	BLANDENGUES 
6034	B	COLONIA ALBERDI 
6036	S	DIEGO DE ALVEAR 
6042	B	DOS HERMANOS 
6050	B	CUARTEL VII 
6051	B	INGENIERO BALBIN 
6053	B	EL PEREGRINO 
6058	B	PAZOS KANKI 
6062	B	CORONEL GRANADA 
6063	B	PORVENIR 
6064	B	EDUARDO COSTA 
6065	B	BLAQUIER 
6070	B	BALSA 
6071	B	BERMUDEZ 
6073	B	EL TRIUNFO 
6075	B	ARENAZA 
6077	B	ENCINA 
6078	B	BAYAUCA 
6100	S	LA INES 
6101	B	VILLA SABOYA 
6103	S	AMENABAR 
6105	B	CAÑADA SECA 
6106	S	AARON CASTELLANOS 
6200	L	REALICO 
6201	L	CHANILAO 
6203	L	EL OLIVO 
6205	L	EL GUANACO 
6207	L	ALTA ITALIA 
6212	L	ADOLFO VAN PRAET 
6213	L	LOTE 11 ESCUELA 107 
6214	D	CASIMIRO GOMEZ 
6216	D	BAGUAL 
6220	L	BERNARDO LARROUDE 
6221	L	CEBALLOS 
6223	B	CORONEL CHARLONE 
6228	L	AGUAS BUENAS 
6230	B	FRANCISCO CASAL 
6231	B	CUENCA 
6233	B	CONDARCO 
6235	B	VILLA SAUCE 
6237	B	AMERICA 
6239	B	GONZALEZ MORENO 
6241	B	EL DIA 
6242	B	DRABBLE 
6244	B	BANDERALO 
6269	D	LA COLINA 
6277	D	BUENA ESPERANZA 
6279	D	BATAVIA 
6300	L	BARRANCAS COLORADAS 
6301	L	ATALIVA ROCA 
6303	L	CACHIRULO 
6305	L	ATREUCO 
6307	L	COLONIA LA ORACION 
6309	L	ALPACHIRI 
6311	L	CAMPO DE LOS TOROS 
6312	L	RICARDO LAVALLE 
6313	L	BAJO DE LAS PALOMAS 
6315	L	COLONIA BARON 
6317	L	LA FLORENCIA 
6319	L	CARRO QUEMADO 
6321	L	CAICHUE 
6323	L	ALGARROBO DEL AGUILA 
6325	L	COLONIA DEVOTO 
6326	L	ANGUIL 
6330	L	ARTURO ALMARAZ 
6331	L	COLONIA BEAUFORT 
6333	L	ALFREDO PEÑA 
6335	B	GRACIARENA 
6337	B	INGENIERO THOMPSON 
6338	B	LEUBUCO 
6339	B	CAILOMUTA 
6341	B	CHAPI TALO 
6343	B	LOS GAUCHOS 
6345	L	LA BILBAINA 
6346	B	PELLEGRINI 
6348	B	BOCAYUBA 
6352	L	COLONIA LA INDIA 
6354	L	COLONIA LA GAVIOTA 
6360	L	BARRIO EL MOLINO 
6361	L	AGUSTONI 
6365	L	AZTEAZU 
6367	L	ARGENTINA BELVEDERE 
6369	L	CAMPO SALUSSO 
6380	L	BOEUF 
6381	L	CAMPO CARETTO 
6383	L	CAMPO MOISES SECCION 1A 
6385	L	ARATA 
6387	L	CALEUFU 
6389	D	ALEGRIA 
6400	B	BARRIO INDIO TROMPA 
6401	B	SUNDBLAD 
6403	B	BADANO 
6405	B	30 DE AGOSTO 
6407	B	GIRODIAS 
6409	B	JOSE MARIA BLANCO 
6411	B	BRAVO DEL DOS 
6417	B	CASBAS 
6422	B	PRIMERA JUNTA 
6424	B	BERUTI 
6430	B	ADOLFO ALSINA 
6431	B	ESTACION LAGO EPECUEN 
6433	B	ARTURO VATTEONE 
6434	B	PALANTELEN 
6435	B	GUAMINI 
6437	B	ALAMOS 
6438	B	MASUREL 
6439	B	BONIFACIO 
6441	B	COLONIA BARON HIRSCH 
6443	B	ARANO 
6450	B	ABEL 
6451	B	ANCON 
6453	B	CARLOS SALAS 
6455	B	CARLOS TEJEDOR 
6457	B	INGENIERO BEAUGEY 
6459	B	COLONIA SERE 
6461	B	CAPITAN CASTRO 
6463	B	ALAGON 
6465	B	CORACEROS 
6467	B	EL TRIO 
6469	B	ASTURIAS 
6471	B	ATAHUALPA 
6472	B	FRANCISCO MADERO 
6474	B	CAMPO ARISTIMUÑO 
6475	B	ESTEBAN DE LUCA 
6476	B	CHICLANA 
6500	B	9 DE JULIO 
6501	B	12 DE OCTUBRE 
6503	B	DESVIO KILOMETRO 234 
6505	B	DUDIGNAC 
6507	B	CORBETT 
6509	B	DEL VALLE 
6511	B	HALE 
6513	B	COLONIA LAS YESCAS 
6515	B	CARLOS MARIA NAON 
6516	B	AMALIA 
6530	B	CARLOS CASARES 
6531	B	ALGARROBO 
6533	B	ALFREDO DEMARCHI 
6535	B	BELLOCQ 
6537	B	EL CAMOATI 
6538	B	LA DORITA 
6550	B	BOLIVAR 
6551	B	JUAN F IBARRA 
6553	B	LA TORRECITA 
6555	B	ALFALAD 
6557	B	ARBOLEDA 
6559	B	RECALDE 
6561	B	BLANCA GRANDE 
6600	B	KILOMETRO 125 
6601	B	ALTAMIRA 
6603	B	INGENIERO WILLIAMS 
6605	B	CAMPO PEÑA LOPEZ 
6607	B	ANASAGASTI 
6608	B	AGOTE 
6612	B	CAPDEPONT 
6614	B	FRANKLIN 
6616	B	CASTILLA 
6620	B	CHIVILCOY 
6621	B	ANDERSON 
6623	B	INDACOCHEA 
6625	B	CAÑADA LA RICA 
6627	B	ACHUPALLAS 
6628	B	COLONIA ZAMBUNGO 
6632	B	BENITEZ 
6634	B	ALBERTI 
6640	B	ASAMBLEA 
6641	B	COMODORO PY 
6643	B	ARAUJO 
6645	B	LA LIMPIA 
6646	B	COLONIA SAN EDUARDO 
6648	B	MECHA 
6651	B	INGENIERO DE MADRID 
6652	B	OLASCOAGA 
6660	B	25 DE MAYO 
6661	B	BLAS DURAÑONA 
6663	B	JUAN VELA 
6665	B	ERNESTINA 
6667	B	AGUSTIN MOSCONI 
6700	B	CAMINERA LUJAN 
6701	B	CARLOS KEEN 
6703	B	ALASTUEY 
6705	B	VILLA RUIZ 
6706	B	EST JAUREGUI VA FLANDRIA 
6708	B	COLONIA NAC DE ALIENADOS 
6712	B	CORTINES 
6720	B	KILOMETRO 125 
6721	B	AZCUENAGA 
6723	B	CUCULLU 
6725	B	CARMEN DE ARECO 
6727	B	GOUIN 
6734	B	RAWSON 
6740	B	CHACABUCO 
6743	B	COLIQUEO 
6746	B	CUCHA CUCHA 
6748	B	MEMBRILLAR 
7000	B	CANTERA AGUIRRE 
7001	B	LA PASTORA 
7003	B	ACEILAN 
7005	B	BARKER 
7007	B	CAMINERA NAPALEOFU 
7009	B	IRAOLA 
7011	B	ANEQUE GRANDE 
7013	B	DE LA CANAL 
7020	B	BENITO JUAREZ 
7021	B	ALZAGA 
7100	B	DOLORES 
7101	B	CERRO DE LA GLORIA CANAL 15 
7103	B	FARO SAN ANTONIO 
7105	B	SAN CLEMENTE DEL TUYU 
7106	B	LAS TONINAS 
7107	B	SANTA TERESITA 
7108	B	COSTA DEL ESTE 
7109	B	BARRIO PEDRO ROCCO 
7110	B	CUARTEL IV 
7111	B	SAN BERNARDO DEL TUYU 
7112	B	AGUAS VERDES 
7113	B	LA LUCILA DEL MAR 
7114	B	CANAL 15 CERRO DE LA GLORIA 
7116	B	CAMARON CHICO 
7118	B	GENERAL GUIDO 
7119	B	CARI LARQUEA 
7130	B	CAMINERA SAMBOROMBON 
7135	B	COMANDANTE GIRIBONE 
7136	B	ADELA 
7150	B	AYACUCHO 
7151	B	LANGUEYU 
7153	B	CANGALLO 
7160	B	LA UNION 
7161	B	LABARDEN 
7163	B	CLAVERIE 
7165	B	FARO QUERANDI 
7167	B	CARILO 
7169	B	JUANCHO 
7172	B	COLONIA FERRARI 
7174	B	ARROYO GRANDE 
7200	B	EL GUALICHO 
7201	B	COLMAN 
7203	B	CHAPALEUFU 
7205	B	LA ESPERANZA ROSAS LAS FLORES 
7207	B	EL TRIGO 
7208	B	CORONEL BOERR 
7212	B	DOCTOR DOMINGO HAROSTEGUY 
7214	B	CACHARI 
7220	B	FUNKE 
7221	B	FRANCISCO BERRA 
7223	B	BONNEMENT 
7225	B	CASALINS 
7226	B	GORCHS 
7228	B	ABBOTT 
7240	B	KILOMETRO 112 
7241	B	LA PORTEÑA 
7243	B	ANTONIO CARBONI 
7245	B	CAMPO SABATE 
7247	B	BARRIENTOS 
7249	B	EL ARAZA 
7260	B	BARRIO VILLA SALADILLO 
7261	B	SALADILLO NORTE 
7263	B	EL CHUMBEAU 
7265	B	CAZON 
7267	B	ALVAREZ DE TOLEDO 
7300	B	AZUL 
7301	B	ARIEL 
7303	B	ALTONA 
7305	B	ANTONIO DE LOS HEROS 
7307	B	CROTTO 
7311	B	CHILLAR 
7313	B	16 DE JULIO 
7316	B	FORTIN IRENE 
7318	B	COLONIA HINOJO 
7400	B	BARRIO LA LUISA 
7401	B	CANTERAS DE GREGORINI 
7403	B	ALVARO BARROS 
7404	B	FORTIN LAVALLE 
7406	B	ALDECON 
7407	B	LIBANO 
7408	B	LA COLINA 
7412	B	LAS HERMANAS 
7414	B	LAPRIDA 
7500	B	EL CARRETERO 
7501	B	INDIO RICO 
7503	B	CRISTIANO MUERTO 
7505	B	BALNEARIO CLAROMECO 
7507	B	EL BOMBERO 
7509	B	ORIENTE 
7511	B	BALNEARIO OCEANO 
7513	B	ADOLFO GONZALES CHAVES 
7515	B	CLAUDIO C MOLINA 
7517	B	JUAN E BARRA 
7519	B	SAN MAYOL 
7521	B	DEFERRARI 
7530	B	CORONEL PRINGLES 
7531	B	DESPEÑADEROS 
7533	B	QUIÑIHUAL ESTACION 
7535	B	PONTAUT 
7536	B	ESTACION CORONEL PRINGLES 
7540	B	BATHURST ESTACION 
7541	B	D ORBIGNY 
7543	B	LA PRIMAVERA 
7545	B	HUANGUELEN 
7547	B	CASCADA 
7548	B	CURA MALAL 
7600	B	BARRIO EMIR RAMON JUAREZ 
7601	B	BARRIO BATAN 
7603	B	COMANDANTE NICANOR OTAMENDI 
7605	B	BARRIO CHAPADMALAL 
7607	B	BALNEARIO ATLANTIDA 
7609	B	BALNEARIO LA CALETA 
7612	B	CAMET 
7613	B	CALFUCURA 
7620	B	BALCARCE 
7621	B	LA SARA 
7623	B	CAMPO LA PLATA 
7630	B	HOSPITAL NECOCHEA 
7631	B	COSTA BONITA BALNEARIO 
7633	B	MAORI 
7635	B	EL LENGUARAZ 
7637	B	LA DULCE 
7639	B	COOPER 
7641	B	BALNEARIO LOS ANGELES 
8000	B	ADELA CORTI 
8101	B	CALDERON 
8103	B	GARRO 
8105	B	AGUARA 
8107	B	BASE AERONAVAL CMTE ESPORA 
8109	B	ALMIRANTE SOLIER 
8111	B	ARROYO PAREJA 
8113	B	BATERIAS 
8115	B	BAJO HONDO 
8117	B	ALFEREZ SAN MARTIN 
8118	B	CABILDO 
8122	B	LA VITICOLA 
8124	B	BERRAONDO 
8126	B	ALDEA SAN ANDRES 
8127	B	ESTELA 
8129	B	17 DE AGOSTO 
8132	B	BALNEARIO CHAPALCO 
8133	L	LA ROSA 
8134	B	ARGERICH 
8136	B	ALGARROBO 
8138	L	ANZOATEGUI 
8142	B	COLONIA BARGA 
8144	B	COLONIA MONTE LA PLATA 
8146	B	EL RINCON 
8148	B	ESTANCIA LAS ISLETAS 
8150	B	CAMPO LA LIMA 
8151	B	EL ZORRO 
8153	B	BALNEARIO ORIENTE 
8154	B	CALVO 
8156	B	EL PERDIDO EST JOSE GUISASOLA 
8158	B	APARICIO 
8160	B	FORTIN CHACO 
8162	B	GARCIA DEL RIO 
8164	B	ARQUEDAS 
8166	B	SALDUNGARAY 
8168	B	SIERRA DE LA VENTANA 
8170	B	ABRA DE HINOJO 
8171	B	ESPARTILLAR 
8172	B	ARROYO CORTO 
8174	B	ARROYO AGUAS BLANCAS 
8175	B	GOYENA 
8180	B	COLONIA DR GDOR UDAONDO 
8181	B	AZOPARDO 
8183	B	AVESTRUZ 
8185	B	CAMPO DEL NORTE AMERICANO 
8187	B	BORDENAVE 
8200	L	COLONIA LIA Y ALLENDE 
8201	L	25 DE MAYO 
8203	L	LA CHIRLANDIA 
8204	L	BERNASCONI 
8206	L	COLONIA ESPAÑA 
8208	L	CAMPO CICARE 
8212	L	ABRAMO 
8214	L	COLONIA CAZAUX 
8300	Q	LAS PERLAS 
8301	Q	PLANICIE BANDERITA 
8303	R	CINCO SALTOS 
8305	Q	AGUADA SAN ROQUE 
8307	L	COLONIA GOBERNADOR AYALA 
8308	R	VILLA MANZANO 
8309	Q	CENTENARIO 
8311	Q	VILLA EL CHOCON 
8313	Q	ARROYITO 
8315	Q	ACHICO 
8316	Q	BALSA SENILLOSA 
8318	Q	CHALLACO 
8319	Q	CAMPAMENTO SOL 
8322	Q	CUTRAL CO 
8324	R	CIPOLLETTI 
8326	R	CERVANTES 
8328	R	ALLEN 
8332	R	COLONIA RUSA 
8333	R	AGUADA GUZMAN 
8334	R	INGENIERO HUERGO 
8336	L	GOBERNADOR DUVAL 
8340	Q	AGUADA FLORENCIO 
8341	Q	ARROYO QUILLEN 
8345	Q	ALUMINE 
8347	Q	ARROYO CAHUNCO 
8349	Q	AGUAS DE LAS MULAS 
8351	Q	AGRIO BALSA 
8353	Q	AGUADA CHACAY CO 
8360	Q	BUENA ESPERANZA 
8361	R	ISLA GRANDE 
8363	R	COLONIA JOSEFA 
8364	R	CHIMPAY 
8366	R	CHELFORO 
8370	Q	CAMINERA 
8371	Q	ATREUCO 
8373	Q	ALIANZA 
8375	Q	CAÑADON DE LOS INDIOS 
8379	Q	GENTE GRANDE 
8400	Q	ISLA VICTORIA 
8401	Q	CULLIN MANZANO 
8402	R	DINA HUAPI 
8403	Q	ALICURA 
8407	Q	CORRENTOSO 
8409	R	PUERTO OJO DE AGUA 
8411	R	CASCADA LOS CANTAROS 
8412	R	CAÑADON DEL CORRAL 
8415	R	ARROYO LAS MINAS 
8416	R	ANECON GRANDE 
8417	R	CAÑADON CHILENO 
8418	R	ANECON CHICO 
8422	R	AGUADA DE PIEDRA 
8424	R	AGUADA DE GUERRA 
8430	R	COSTA DEL RIO AZUL 
8431	U	EL HOYO 
8500	R	EL DIQUE 
8501	R	BAHIA CREEK 
8503	R	CHOCORI 
8504	B	CANTERA VILLALONGA 
8505	B	EMILIO LAMARCA 
8506	B	BAHIA SAN BLAS 
8508	B	AMBROSIO P LEZICA 
8512	B	IGARZABAL 
8514	R	LAGUNA DEL BARRO 
8520	R	AGUADA DEL LORO 
8521	R	ARROYO DE LA VENTANA 
8532	R	ARROYO SALADO 
8534	R	AGUADA CECILIO 
8536	R	CHIPAUQUIL 
9000	U	COMODORO RIVADAVIA 
9001	U	CAÑADON FERRAIS 
9003	U	BAHIA SOLANO 
9007	U	EL JAGUEL 
9009	U	CAÑADON LAGARTO 
9011	Z	BAHIA LANGARA 
9013	Z	CAÑADON SECO 
9015	Z	ALMA GRANDE 
9017	Z	CAMERON 
9019	Z	AGUADA ESCONDIDA 
9020	U	ARROYO QUILLA 
9021	U	COLHUE HUAPI 
9023	U	BUEN PASTO 
9030	U	RIO MAYO 
9031	U	BAJO LA CANCHA 
9033	U	ALDEA APELEG 
9035	U	ARROYO CHALIA 
9037	U	ALDEA BELEIRO 
9039	U	HITO 45 
9040	Z	CAÑADON BOTELLO 
9041	Z	LOS ANTIGUOS 
9050	Z	GOBERNADOR MOYANO 
9051	Z	AGUADA A PIQUE 
9053	Z	AGUADA GRANDE 
9100	U	CERRO SANTA ANA 
9101	U	ALTO DE LAS PLUMAS 
9103	U	BAJO DE LOS HUESOS 
9105	U	ANGOSTURA 
9107	U	28 DE JULIO 
9111	U	BAHIA BUSTAMANTE 
9113	U	FLORENTINO AMEGHINO 
9120	U	BAHIA CRACHER 
9121	U	AGUADA DE LAS TEJAS 
9200	U	ARROYO PESCADO 
9201	U	CACHEL 
9203	U	ALDEA ESCOLAR 
9207	U	ARROYO GUILAIA 
9210	R	CUESTA DEL TERNERO 
9211	U	CUSHAMEN 
9213	U	CAÑADON CALIENTE 
9217	U	CHOLILA 
9220	U	CAÑADON LA MADERA 
9221	U	VALLE HONDO 
9223	U	ALTO RIO PICO 
9225	U	ARENOSO 
9227	U	EL PORVENIR 
9300	Z	CAÑADON DE LAS VACAS 
9301	Z	EL CHALTEN 
9303	Z	CAÑADON DEL TORO 
9305	Z	CAÑADA DE LAS VACAS 
9310	Z	AGUADA ALEGRE 
9311	Z	CAÑADON LEON 
9313	Z	CARA MALA 
9315	Z	BAJO CARACOLES 
9400	Z	AN AIKE 
9401	Z	EL ZURDO 
9405	Z	BAHIA TRANQUILA 
9407	Z	28 DE NOVIEMBRE 
9409	V	ISLA GRAN MALVINA 
9410	V	BAHIA LAPATAIA 
9411	V	BASE AEREA TENIENTE MATIENZO 
9420	V	ASERRADERO ARROYO 
9421	V	FRIGORIFICO CAP 
